lift_key,name,score_type,input_mode,equipment,primary_muscles,secondary_muscles,video_url,lift_info,needs_review,source_name
air_squat,Air Squat,bodyweight,standard,bodyweight,quads,glutes,,,,Air Squat
arnold_press,Arnold Press,multiplier,standard,barbell,shoulders,triceps,,,,Arnold Press
assisted_chin_up,Assisted Chin-Up,bodyweight,standard,pull-up bar,back,biceps,,,,Assisted Chin-Up
assisted_dip,Assisted Dip,bodyweight,standard,machine,chest,triceps,,,,Assisted Dip
assisted_pull_up,Assisted Pull-Up,bodyweight,standard,pull-up bar,back,biceps,,,,Assisted Pull-Up
back_extension,Back Extension,multiplier,standard,machine,back,hamstrings,,,,Back Extension
banded_face_pull,Banded Face Pull,multiplier,standard,band,traps,shoulders,,,,Banded Face Pull
banded_hip_march,Banded Hip March,multiplier,standard,band,hamstrings,,,,,Banded Hip March
banded_muscle_up,Banded Muscle-Up,multiplier,standard,band,back,,,,,Banded Muscle-Up
banded_side_kicks,Banded Side Kicks,multiplier,standard,band,glutes,,,,,Banded Side Kicks
band_external_shoulder_rotation,Band External Shoulder Rotation,multiplier,standard,band,shoulders,,,,,Band External Shoulder Rotation
band_internal_shoulder_rotation,Band Internal Shoulder Rotation,multiplier,standard,band,shoulders,,,,,Band Internal Shoulder Rotation
band_pull_apart,Band Pull-Apart,multiplier,standard,band,shoulders,,,,,Band Pull-Apart
band_assisted_bench_press,Band-Assisted Bench Press,multiplier,standard,band,chest,,,,,Band-Assisted Bench Press
bar_dip,Bar Dip,bodyweight,standard,machine,chest,triceps,,,,Bar Dip
bar_hang,Bar Hang,bodyweight,standard,bodyweight,forearms,,,,,Bar Hang
barbell_curl,Barbell Curl,multiplier,standard,barbell,biceps,,,,,Barbell Curl
barbell_front_raise,Barbell Front Raise,multiplier,standard,barbell,shoulders,,,,,Barbell Front Raise
barbell_hack_squat,Barbell Hack Squat,multiplier,standard,barbell,quads,glutes,,,,Barbell Hack Squat
barbell_lunge,Barbell Lunge,multiplier,standard,barbell,quads,glutes,,,,Barbell Lunge
barbell_preacher_curl,Barbell Preacher Curl,multiplier,standard,barbell,biceps,,,,,Barbell Preacher Curl
barbell_rear_delt_row,Barbell Rear Delt Row,multiplier,standard,barbell,shoulders,,,,,Barbell Rear Delt Row
barbell_row,Barbell Row,multiplier,standard,barbell,back,biceps,,,,Barbell Row
barbell_seated_calf_raise,Barbell Seated Calf Raise,multiplier,standard,barbell,calves,,,,,Barbell Seated Calf Raise
barbell_shrug,Barbell Shrug,multiplier,standard,barbell,traps,,,,,Barbell Shrug
barbell_standing_calf_raise,Barbell Standing Calf Raise,multiplier,standard,barbell,calves,,,,,Barbell Standing Calf Raise
barbell_standing_triceps_extension,Barbell Standing Triceps Extension,multiplier,standard,barbell,triceps,,,,,Barbell Standing Triceps Extension
barbell_upright_row,Barbell Upright Row,multiplier,standard,barbell,traps,shoulders,,,,Barbell Upright Row
barbell_wrist_curl,Barbell Wrist Curl,multiplier,standard,barbell,forearms,,,,,Barbell Wrist Curl
barbell_wrist_curl_behind_the_back,Barbell Wrist Curl Behind the Back,multiplier,standard,barbell,forearms,,,,,Barbell Wrist Curl Behind the Back
barbell_wrist_extension,Barbell Wrist Extension,multiplier,standard,barbell,forearms,,,,,Barbell Wrist Extension
bayesian_curl,Bayesian Curl,multiplier,standard,machine,biceps,,,,,Bayesian Curl
belt_squat,Belt Squat,multiplier,standard,barbell,quads,glutes,,,,Belt Squat
bench_dip,Bench Dip,multiplier,standard,machine,chest,triceps,,,,Bench Dip
bench_press,Bench Press,multiplier,standard,barbell,chest,triceps,,,,Bench Press
bench_press_against_band,Bench Press Against Band,multiplier,standard,band,chest,triceps,,,,Bench Press Against Band
bicycle_crunch,Bicycle Crunch,multiplier,standard,machine,obliques,abs,,,,Bicycle Crunch
block_clean,Block Clean,multiplier,standard,barbell,back,traps,,,,Block Clean
block_snatch,Block Snatch,multiplier,standard,barbell,back,shoulder,,,,Block Snatch
board_press,Board Press,multiplier,standard,barbell,chest,triceps,,,,Board Press
body_weight_lunge,Body Weight Lunge,multiplier,standard,machine,quads,glutes,,,,Body Weight Lunge
bodyweight_curl,Bodyweight Curl,bodyweight,standard,bodyweight,biceps,,,,,Bodyweight Curl
bodyweight_leg_curl,Bodyweight Leg Curl,bodyweight,standard,bodyweight,hamstrings,,,,,Bodyweight Leg Curl
box_jump,Box Jump,multiplier,standard,machine,quads,glutes,,,,Box Jump
box_squat,Box Squat,multiplier,standard,barbell,quads,glutes,,,,Box Squat
bulgarian_split_squat,Bulgarian Split Squat,multiplier,standard,dumbbell,quads,glutes,,,,Bulgarian Split Squat
cable_chest_press,Cable Chest Press,multiplier,standard,cable machine,chest,triceps,,,,Cable Chest Press
cable_close_grip_seated_row,Cable Close Grip Seated Row,multiplier,standard,cable machine,traps,shoulders,,,,Cable Close Grip Seated Row
cable_crossover_bicep_curl,Cable Crossover Bicep Curl,multiplier,standard,cable machine,biceps,,,,,Cable Crossover Bicep Curl
cable_crunch,Cable Crunch,multiplier,standard,cable machine,abs,,,,,Cable Crunch
cable_front_raise,Cable Front Raise,multiplier,standard,cable machine,shoulders,,,,,Cable Front Raise
cable_internal_shoulder_rotation,Cable Internal Shoulder Rotation,multiplier,standard,cable machine,shoulders,,,,,Cable Internal Shoulder Rotation
cable_lateral_raise,Cable Lateral Raise,multiplier,standard,cable machine,shoulders,,,,,Cable Lateral Raise
cable_machine_hip_abduction,Cable Machine Hip Abduction,multiplier,standard,cable machine,abductors,glutes,,,,Cable Machine Hip Abduction
cable_machine_hip_adduction,Cable Machine Hip Adduction,multiplier,standard,cable machine,adductors,,,,,Cable Machine Hip Adduction
cable_pull_through,Cable Pull Through,multiplier,standard,cable machine,shoulders,,,,,Cable Pull Through
cable_rear_delt_row,Cable Rear Delt Row,multiplier,standard,cable machine,shoulders,,,,,Cable Rear Delt Row
cable_wide_grip_seated_row,Cable Wide Grip Seated Row,multiplier,standard,cable machine,back,shoulders,,,,Cable Wide Grip Seated Row
chair_squat,Chair Squat,bodyweight,standard,bodyweight,quads,glutes,,,,Chair Squat
chest_to_bar,Chest to Bar,multiplier,standard,machine,back,shoulders,,,,Chest to Bar
chin_up,Chin-Up,bodyweight,standard,bodyweight,back,biceps,,,,Chin-Up
clamshells,Clamshells,multiplier,standard,machine,glutes,,,,,Clamshells
clap_push_up,Clap Push-Up,bodyweight,standard,bodyweight,chest,,,,,Clap Push-Up
clean,Clean,multiplier,standard,barbell,back,,,,muscle_group,Clean
clean_and_jerk,Clean and Jerk,multiplier,standard,barbell,shoulders,,,,muscle_group,Clean and Jerk
close_grip_bench_press,Close-Grip Bench Press,multiplier,standard,barbell,chest,triceps,,,,Close-Grip Bench Press
close_grip_chin_up,Close-Grip Chin-Up,bodyweight,standard,bodyweight,back,biceps,,,,Close-Grip Chin-Up
close_grip_feet_up_bench_press,Close-Grip Feet-Up Bench Press,multiplier,standard,barbell,chest,triceps,,,,Close-Grip Feet-Up Bench Press
close_grip_lat_pulldown,Close-Grip Lat Pulldown,multiplier,standard,cable machine,back,shoulders,,,,Close-Grip Lat Pulldown
close_grip_push_up,Close-Grip Push-Up,bodyweight,standard,bodyweight,chest,triceps,,,,Close-Grip Push-Up
concentration_curl,Concentration Curl,multiplier,standard,machine,biceps,,,,,Concentration Curl
core_twist,Core Twist,multiplier,standard,machine,obliques,abs,,,,Core Twist
cossack_squat,Cossack Squat,multiplier,standard,barbell,quads,back,,,,Cossack Squat
crunch,Crunch,multiplier,standard,machine,abs,obliques,,,,Crunch
crossbody_cable_triceps_extension,Crossbody Cable Triceps Extension,multiplier,standard,cable machine,triceps,,,,,Crossbody Cable Triceps Extension
cuban_press,Cuban Press,multiplier,standard,barbell,shoulders,,,,,Cuban Press
curtsy_lunge,Curtsy Lunge,multiplier,standard,machine,legs,,,,,Curtsy Lunge
dead_bug,Dead Bug,multiplier,standard,machine,abs,,,,,Dead Bug
dead_bug_with_dumbbells,Dead Bug With Dumbbells,multiplier,standard,dumbbell,abs,,,,,Dead Bug With Dumbbells
deadlift,Deadlift,multiplier,standard,barbell,hamstrings,glutes,,,,Deadlift
decline_bench_press,Decline Bench Press,multiplier,standard,barbell,chest,triceps,,,,Decline Bench Press
decline_push_up,Decline Push-Up,bodyweight,standard,bodyweight,chest,triceps,,,,Decline Push-Up
deficit_deadlift,Deficit Deadlift,multiplier,standard,barbell,hamstrings,glutes,,,,Deficit Deadlift
death_march_with_dumbbells,Death March with Dumbbells,multiplier,standard,dumbbell,glutes,hamstrings,,,,Death March with Dumbbells
devils_press,Devils Press,multiplier,standard,dumbbell,shoulders,hamstrings,,,,Devils Press
dip,Dips,bodyweight,standard,machine,shoulders,chest,,,,Dips
donkey_calf_raise,Donkey Calf Raise,multiplier,standard,machine,calves,,,,,Donkey Calf Raise
donkey_kicks,Donkey Kicks,multiplier,standard,machine,glutes,hamstrings,,,,Donkey Kicks
drag_curl,Drag Curl,multiplier,standard,barbell,biceps,,,,,Drag Curl
dumbbell_chest_fly,Dumbbell Chest Fly,multiplier,standard,dumbbell,chest,,,,,Dumbbell Chest Fly
dumbbell_curl,Dumbbell Curl,multiplier,standard,dumbbell,biceps,,,,,Dumbbell Curl
dumbbell_decline_chest_press,Dumbbell Decline Chest Press,multiplier,standard,dumbbell,chest,triceps,,,,Dumbbell Decline Chest Press
dumbbell_floor_press,Dumbbell Floor Press,multiplier,standard,dumbbell,chest,triceps,,,,Dumbbell Floor Press
dumbbell_frog_pumps,Dumbbell Frog Pumps,multiplier,standard,dumbbell,glutes,,,,,Dumbbell Frog Pumps
dumbbell_front_raise,Dumbbell Front Raise,multiplier,standard,dumbbell,shoulders,,,,,Dumbbell Front Raise
dumbbell_front_hold,Dumbbell Front Hold,multiplier,standard,dumbbell,shoulders,,,,,Dumbbell Front Hold
dumbbell_horizontal_external_shoulder_rotation,Dumbbell Horizontal External Shoulder Rotation,multiplier,standard,dumbbell,shoulders,,,,,Dumbbell Horizontal External Shoulder Rotation
dumbbell_horizontal_internal_shoulder_rotation,Dumbbell Horizontal Internal Shoulder Rotation,multiplier,standard,dumbbell,shoulders,,,,,Dumbbell Horizontal Internal Shoulder Rotation
dumbbell_lateral_raise,Dumbbell Lateral Raise,multiplier,standard,dumbbell,shoulders,,,,,Dumbbell Lateral Raise
dumbbell_lying_triceps_extension,Dumbbell Lying Triceps Extension,multiplier,standard,dumbbell,triceps,,,,,Dumbbell Lying Triceps Extension
dumbbell_plank_pull_through,Dumbbell Plank Pull Through,multiplier,standard,dumbbell,abs,,,,,Dumbbell Plank Pull Through
dumbbell_preacher_curl,Dumbbell Preacher Curl,multiplier,standard,dumbbell,biceps,,,,,Dumbbell Preacher Curl
dumbbell_pullover,Dumbbell Pullover,multiplier,standard,dumbbell,triceps,,,,,Dumbbell Pullover
dumbbell_rear_delt_row,Dumbbell Rear Delt Row,multiplier,standard,dumbbell,shoulders,,,,,Dumbbell Rear Delt Row
dumbbell_romanian_deadlift,Dumbbell Romanian Deadlift,multiplier,standard,dumbbell,legs,glutes,,,,Dumbbell Romanian Deadlift
dumbbell_row,Dumbbell Row,multiplier,standard,dumbbell,back,shoulders,,,,Dumbbell Row
dumbbell_shoulder_press,Dumbbell Shoulder Press,multiplier,standard,dumbbell,shoulders,,,,,Dumbbell Shoulder Press
dumbbell_side_bend,Dumbbell Side Bend,multiplier,standard,dumbbell,obliques,back,,,,Dumbbell Side Bend
dumbbell_squat,Dumbbell Squat,multiplier,standard,dumbbell,quads,glutes,,,,Dumbbell Squat
dumbbell_standing_triceps_extension,Dumbbell Standing Triceps Extension,multiplier,standard,dumbbell,triceps,,,,,Dumbbell Standing Triceps Extension
dumbbell_walking_lunge,Dumbbell Walking Lunge,multiplier,standard,dumbbell,legs,glutes,,,,Dumbbell Walking Lunge
eccentric_heel_drop,Eccentric Heel Drop,multiplier,standard,machine,calves,,,,,Eccentric Heel Drop
face_pull,Face Pull,multiplier,standard,cable machine,traps,shoulders,,,,Face Pull
farmers_walk,Farmers Walk,multiplier,standard,dumbbell,forearms,,,,,Farmers Walk
fat_bar_deadlift,Fat Bar Deadlift,multiplier,standard,barbell,glutes,,,,,Fat Bar Deadlift
feet_up_bench_press,Feet-Up Bench Press,multiplier,standard,barbell,chest,,,,,Feet-Up Bench Press
fire_hydrants,Fire Hydrants,multiplier,standard,floor,abductors,glutes,,,,Fire Hydrants
floor_back_extension,Floor Back Extension,multiplier,standard,floor,back,,,,,Floor Back Extension
floor_press,Floor Press,multiplier,standard,barbell,chest,triceps,,,,Floor Press
front_squat,Front Squat,multiplier,standard,barbell,legs,back,,,,Front Squat
goblet_squat,Goblet Squat,multiplier,standard,dumbbell,legs,back,,,,Goblet Squat
good_morning,Good Morning,multiplier,standard,barbell,back,hamstrings,,,,Good Morning
gorilla_row,Gorilla Row,multiplier,standard,barbell,shoulders,,,,,Gorilla Row
gripper,Gripper,multiplier,standard,machine,forearms,,,,,Gripper
hack_squat_machine,Hack Squat Machine,multiplier,standard,machine,quads,glutes,,,,Hack Squat Machine
hammer_curl,Hammer Curl,multiplier,standard,machine,biceps,,,,,Hammer Curl
handstand_push_up,Handstand Push-Up,bodyweight,standard,bodyweight,chest,,,,,Handstand Push-Up
hang_clean,Hang Clean,multiplier,standard,barbell,back,traps,,,,Hang Clean
hang_power_clean,Hang Power Clean,multiplier,standard,barbell,legs,traps,,,,Hang Power Clean
hang_power_snatch,Hang Power Snatch,multiplier,standard,barbell,legs,shoulders,,,,Hang Power Snatch
hang_snatch,Hang Snatch,multiplier,standard,barbell,back,shoulders,,,,Hang Snatch
hanging_knee_raise,Hanging Knee Raise,multiplier,standard,captains chair,abs,,,,,Hanging Knee Raise
hanging_leg_raise,Hanging Leg Raise,multiplier,standard,captains chair,abs,,,,,Hanging Leg Raise
hanging_sit_up,Hanging Sit-Up,bodyweight,standard,captains chair,abs,,,,,Hanging Sit-Up
hanging_windshield_wiper,Hanging Windshield Wiper,multiplier,standard,pull-up bar,abs,,,,,Hanging Windshield Wiper
heel_raise,Heel Raise,multiplier,standard,machine,calves,,,,,Heel Raise
high_to_low_wood_chop_with_band,High to Low Wood Chop with Band,multiplier,standard,band,abs,,,,,High to Low Wood Chop with Band
high_to_low_wood_chop_with_cable,High to Low Wood Chop with Cable,multiplier,standard,cable machine,abs,,,,,High to Low Wood Chop with Cable
hip_abduction_against_band,Hip Abduction Against Band,multiplier,standard,band,abductors,glutes,,,,Hip Abduction Against Band
hip_abduction_machine,Hip Abduction Machine,multiplier,standard,machine,abductors,glutes,,,,Hip Abduction Machine
hip_adduction_against_band,Hip Adduction Against Band,multiplier,standard,band,adductors,,,,,Hip Adduction Against Band
hip_adduction_machine,Hip Adduction Machine,multiplier,standard,machine,adductors,,,,,Hip Adduction Machine
hip_thrust,Hip Thrust,multiplier,standard,machine,glutes,,,,,Hip Thrust
hip_thrust_machine,Hip Thrust Machine,multiplier,standard,machine,glutes,,,,,Hip Thrust Machine
hip_thrust_with_band_around_knees,Hip Thrust With Band Around Knees,multiplier,standard,band,glutes,,,,,Hip Thrust With Band Around Knees
hollow_body_crunch,Hollow Body Crunch,bodyweight,standard,bodyweight,abs,,,,,Hollow Body Crunch
hollow_hold,Hollow Hold,bodyweight,standard,bodyweight,abs,,,,,Hollow Hold
horizontal_wood_chop_with_band,Horizontal Wood Chop with Band,multiplier,standard,band,obliques,abs,,,,Horizontal Wood Chop with Band
horizontal_wood_chop_with_cable,Horizontal Wood Chop with Cable,multiplier,standard,cable machine,obliques,abs,,,,Horizontal Wood Chop with Cable
incline_bench_press,Incline Bench Press,multiplier,standard,barbell,chest,triceps,,,,Incline Bench Press
incline_dumbbell_curl,Incline Dumbbell Curl,multiplier,standard,dumbbell,biceps,,,,,Incline Dumbbell Curl
incline_dumbbell_press,Incline Dumbbell Press,multiplier,standard,dumbbell,chest,triceps,,,,Incline Dumbbell Press
incline_push_up,Incline Push-Up,bodyweight,standard,bodyweight,chest,triceps,,,,Incline Push-Up
inverted_row,Inverted Row,multiplier,standard,barbell,back,shoulders,,,,Inverted Row
inverted_row_with_underhand_grip,Inverted Row with Underhand Grip,multiplier,standard,barbell,back,biceps,,,,Inverted Row with Underhand Grip
jackknife_sit_up,Jackknife Sit-Up,bodyweight,standard,bodyweight,abs,,,,,Jackknife Sit-Up
jefferson_curl,Jefferson Curl,multiplier,standard,machine,biceps,,,,,Jefferson Curl
jerk,Jerk,multiplier,standard,barbell,shoulders,legs,,,,Jerk
jumping_lunge,Jumping Lunge,multiplier,standard,floor,legs,,,,,Jumping Lunge
jumping_muscle_up,Jumping Muscle-Up,multiplier,standard,pull-up bar,back,legs,,,,Jumping Muscle-Up
kettlebell_clean,Kettlebell Clean,multiplier,standard,kettlebell,back,legs,,,,Kettlebell Clean
kettlebell_clean_and_jerk,Kettlebell Clean & Jerk,multiplier,standard,kettlebell,shoulders,traps,,,,Kettlebell Clean & Jerk
kettlebell_clean_and_press,Kettlebell Clean & Press,multiplier,standard,kettlebell,back,shoulders,,,,Kettlebell Clean & Press
kettlebell_floor_press,Kettlebell Floor Press,multiplier,standard,kettlebell,chest,triceps,,,,Kettlebell Floor Press
kettlebell_halo,Kettlebell Halo,multiplier,standard,kettlebell,back,obliques,,,,Kettlebell Halo
kettlebell_plank_pull_through,Kettlebell Plank Pull Through,multiplier,standard,kettlebell,abs,,,,,Kettlebell Plank Pull Through
kettlebell_swing,Kettlebell Swing,multiplier,standard,kettlebell,back,,,,,Kettlebell Swing
kettlebell_thrusters,Kettlebell Thrusters,multiplier,standard,kettlebell,glutes,back,,,,Kettlebell Thrusters
kettlebell_windmill,Kettlebell Windmill,multiplier,standard,kettlebell,back,abs,,,,Kettlebell Windmill
kneeling_ab_wheel_roll_out,Kneeling Ab Wheel Roll-Out,multiplier,standard,ab wheel,back,,,,,Kneeling Ab Wheel Roll-Out
kneeling_incline_push_up,Kneeling Incline Push-Up,bodyweight,standard,bodyweight,chest,,,,,Kneeling Incline Push-Up
kneeling_plank,Kneeling Plank,bodyweight,standard,bodyweight,abs,,,,,Kneeling Plank
kneeling_push_up,Kneeling Push-Up,bodyweight,standard,bodyweight,chest,,,,,Kneeling Push-Up
kneeling_side_plank,Kneeling Side Plank,bodyweight,standard,bodyweight,abs,,,,,Kneeling Side Plank
kroc_row,Kroc Row,multiplier,standard,barbell,back,,,,,Kroc Row
l_sit,L-Sit,bodyweight,standard,bodyweight,abs,,,,,L-Sit
landmine_hack_squat,Landmine Hack Squat,multiplier,standard,landmine,legs,back,,,,Landmine Hack Squat
landmine_press,Landmine Press,multiplier,standard,landmine,shoulders,,,,,Landmine Press
landmine_squat,Landmine Squat,multiplier,standard,landmine,legs,back,,,,Landmine Squat
lateral_bound,Lateral Bound,multiplier,standard,floor,legs,,,,,Lateral Bound
lateral_walk_with_band,Lateral Walk With Band,multiplier,standard,band,legs,,,,,Lateral Walk With Band
lat_pulldown_with_pronated_grip,Lat Pulldown With Pronated Grip,multiplier,standard,cable machine,back,biceps,,,,Lat Pulldown With Pronated Grip
lat_pulldown_with_supinated_grip,Lat Pulldown With Supinated Grip,multiplier,standard,cable machine,back,traps,,,,Lat Pulldown With Supinated Grip
leg_extension,Leg Extension,multiplier,standard,machine,quads,,,,,Leg Extension
leg_press,Leg Press,multiplier,standard,machine,legs,,,,,Leg Press
leg_curl_on_ball,Leg Curl On Ball,multiplier,standard,machine,hamstrings,,,,,Leg Curl On Ball
lying_dumbbell_external_shoulder_rotation,Lying Dumbbell External Shoulder Rotation,multiplier,standard,dumbbell,shoulders,,,,,Lying Dumbbell External Shoulder Rotation
lying_dumbbell_internal_shoulder_rotation,Lying Dumbbell Internal Shoulder Rotation,multiplier,standard,dumbbell,shoulders,,,,,Lying Dumbbell Internal Shoulder Rotation
lying_leg_raise,Lying Leg Raise,multiplier,standard,floor,abs,,,,,Lying Leg Raise
lying_leg_curl,Lying Leg Curl,multiplier,standard,machine,hamstrings,,,,,Lying Leg Curl
lying_neck_curl,Lying Neck Curl,multiplier,standard,machine,biceps,,,,,Lying Neck Curl
lying_neck_extension,Lying Neck Extension,multiplier,standard,machine,neck,,,,,Lying Neck Extension
lying_windshield_wiper,Lying Windshield Wiper,multiplier,standard,floor,abs,,,,,Lying Windshield Wiper
lying_windshield_wiper_with_bent_knees,Lying Windshield Wiper with Bent Knees,multiplier,standard,floor,abs,,,,,Lying Windshield Wiper with Bent Knees
machine_bicep_curl,Machine Bicep Curl,multiplier,standard,machine,biceps,,,,,Machine Bicep Curl
machine_chest_fly,Machine Chest Fly,multiplier,standard,machine,chest,,,,,Machine Chest Fly
machine_chest_press,Machine Chest Press,multiplier,standard,machine,chest,triceps,,,,Machine Chest Press
machine_crunch,Machine Crunch,multiplier,standard,machine,abs,,,,,Machine Crunch
machine_glute_kickbacks,Machine Glute Kickbacks,multiplier,standard,machine,glutes,,,,,Machine Glute Kickbacks
machine_lateral_raise,Machine Lateral Raise,multiplier,standard,machine,shoulders,,,,,Machine Lateral Raise
machine_shoulder_press,Machine Shoulder Press,multiplier,standard,machine,shoulders,triceps,,,,Machine Shoulder Press
monkey_row,Monkey Row,multiplier,standard,barbell,shoulders,,,,,Monkey Row
mountain_climbers,Mountain Climbers,bodyweight,standard,bodyweight,abs,,,,,Mountain Climbers
muscle_up_bar,Muscle-Up (Bar),multiplier,standard,pull-up bar,shoulders,arms,,,,Muscle-Up (Bar)
muscle_up_rings,Muscle-Up (Rings),multiplier,standard,rings,shoulders,arms,,,,Muscle-Up (Rings)
neutral_close_grip_lat_pulldown,Neutral Close-Grip Lat Pulldown,multiplier,standard,cable machine,lats,traps,,,,Neutral Close-Grip Lat Pulldown
nordic_hamstring_eccentric,Nordic Hamstring Eccentric,multiplier,standard,floor,hamstrings,glutes,,,,Nordic Hamstring Eccentric
oblique_crunch,Oblique Crunch,multiplier,standard,machine,obliques,abs,,,,Oblique Crunch
oblique_sit_up,Oblique Sit-Up,bodyweight,standard,bodyweight,obliques,abs,,,,Oblique Sit-Up
one_arm_landmine_press,One-Arm Landmine Press,multiplier,standard,landmine,shoulders,triceps,,,,One-Arm Landmine Press
one_handed_bar_hang,One-Handed Bar Hang,bodyweight,standard,bodyweight,forearms,,,,,One-Handed Bar Hang
one_handed_cable_row,One-Handed Cable Row,multiplier,standard,cable machine,back,shoulders,,,,One-Handed Cable Row
one_handed_kettlebell_swing,One-Handed Kettlebell Swing,multiplier,standard,kettlebell,back,,,,,One-Handed Kettlebell Swing
one_handed_lat_pulldown,One-Handed Lat Pulldown,multiplier,standard,cable machine,lats,back,,,,One-Handed Lat Pulldown
one_legged_glute_bridge,One-Legged Glute Bridge,multiplier,standard,machine,glutes,hamstrings,,,,One-Legged Glute Bridge
one_legged_hip_thrust,One-Legged Hip Thrust,multiplier,standard,machine,glutes,,,,,One-Legged Hip Thrust
one_legged_leg_extension,One-Legged Leg Extension,multiplier,standard,machine,quads,,,,,One-Legged Leg Extension
one_legged_lying_leg_curl,One-Legged Lying Leg Curl,multiplier,standard,machine,hamstrings,,,,,One-Legged Lying Leg Curl
one_legged_seated_leg_curl,One-Legged Seated Leg Curl,multiplier,standard,machine,hamstrings,,,,,One-Legged Seated Leg Curl
overhead_cable_triceps_extension,Overhead Cable Triceps Extension,multiplier,standard,cable machine,triceps,,,,,Overhead Cable Triceps Extension
overhead_press,Overhead Press,multiplier,standard,barbell,shoulders,,,,,Overhead Press
pause_deadlift,Pause Deadlift,multiplier,standard,barbell,legs,glutes,,,,Pause Deadlift
pause_squat,Pause Squat,multiplier,standard,barbell,legs,,,,,Pause Squat
pec_deck,Pec Deck,multiplier,standard,machine,chest,,,,,Pec Deck
pendlay_row,Pendlay Row,multiplier,standard,barbell,back,,,,,Pendlay Row
pistol_squat,Pistol Squat,bodyweight,standard,bodyweight,quads,glutes,,,,Pistol Squat
plate_front_raise,Plate Front Raise,multiplier,standard,plate,shoulders,,,,,Plate Front Raise
plate_pinch,Plate Pinch,multiplier,standard,plate,forearms,,,,,Plate Pinch
plate_wrist_curl,Plate Wrist Curl,multiplier,standard,plate,forearms,,,,,Plate Wrist Curl
plank,Plank,bodyweight,standard,bodyweight,abs,,,,,Plank
plank_to_push_up,Plank to Push-Up,bodyweight,standard,bodyweight,abs,chest,,,,Plank to Push-Up
plank_with_leg_lifts,Plank with Leg Lifts,bodyweight,standard,bodyweight,abs,,,,,Plank with Leg Lifts
plank_with_shoulder_taps,Plank with Shoulder Taps,bodyweight,standard,bodyweight,abs,,,,,Plank with Shoulder Taps
poliquin_raise,Poliquin Raise,multiplier,standard,dumbbell,shoulders,,,,,Poliquin Raise
poliquin_step_up,Poliquin Step-Up,multiplier,standard,plate,quads,,,,,Poliquin Step-Up
power_clean,Power Clean,multiplier,standard,barbell,legs,traps,,,,Power Clean
power_jerk,Power Jerk,multiplier,standard,machine,legs,shoulders,,,,Power Jerk
power_snatch,Power Snatch,multiplier,standard,barbell,shoulders,traps,,,,Power Snatch
prisoner_get_up,Prisoner Get Up,multiplier,standard,floor,quads,,,,,Prisoner Get Up
push_press,Push Press,multiplier,standard,barbell,shoulders,,,,,Push Press
push_up,Push-Up,bodyweight,standard,bodyweight,chest,triceps,,,,Push-Up
push_up_against_wall,Push-Up Against Wall,bodyweight,standard,bodyweight,chest,triceps,,,,Push-Up Against Wall
push_ups_with_feet_in_rings,Push-Ups With Feet in Rings,multiplier,standard,rings,chest,triceps,,,,Push-Ups With Feet in Rings
rack_pull,Rack Pull,multiplier,standard,machine,glutes,back,,,,Rack Pull
renegade_row,Renegade Row,multiplier,standard,barbell,back,abs,,,,Renegade Row
resistance_band_chest_fly,Resistance Band Chest Fly,multiplier,standard,band,chest,,,,,Resistance Band Chest Fly
resistance_band_curl,Resistance Band Curl,multiplier,standard,band,biceps,,,,,Resistance Band Curl
resistance_band_lateral_raise,Resistance Band Lateral Raise,multiplier,standard,band,shoulders,,,,,Resistance Band Lateral Raise
reverse_barbell_lunge,Reverse Barbell Lunge,multiplier,standard,barbell,quads,,,,,Reverse Barbell Lunge
reverse_cable_fly,Reverse Cable Flyes,multiplier,standard,cable machine,shoulders,traps,,,,Reverse Cable Flyes
reverse_dumbbell_fly,Reverse Dumbbell Flyes,multiplier,standard,dumbbell,shoulders,,,,,Reverse Dumbbell Flyes
reverse_hyperextension,Reverse Hyperextension,multiplier,standard,machine,glutes,,,,,Reverse Hyperextension
reverse_machine_fly,Reverse Machine Fly,multiplier,standard,machine,shoulders,,,,,Reverse Machine Fly
reverse_nordic,Reverse Nordic,multiplier,standard,floor,quads,,,,,Reverse Nordic
ring_dip,Ring Dip,bodyweight,standard,rings,chest,triceps,,,,Ring Dip
ring_pull_up,Ring Pull-Up,bodyweight,standard,rings,back,,,,,Ring Pull-Up
ring_row,Ring Row,bodyweight,standard,rings,back,traps,,,,Ring Row
romanian_deadlift,Romanian Deadlift,multiplier,standard,barbell,legs,glutes,,,,Romanian Deadlift
row_bent_over,Row Bent Over,multiplier,standard,barbell,back,,,,,Row Bent Over
scap_pull_up,Scap Pull-Up,bodyweight,standard,pull-up_bar,back,,,,,Scap Pull-Up
seal_row,Seal Row,multiplier,standard,barbell,back,,,,,Seal Row
seated_barbell_overhead_press,Seated Barbell Overhead Press,multiplier,standard,barbell,shoulders,,,,,Seated Barbell Overhead Press
seated_cable_chest_fly,Seated Cable Chest Fly,multiplier,standard,cable machine,chest,,,,,Seated Cable Chest Fly
seated_dumbbell_shoulder_press,Seated Dumbbell Shoulder Press,multiplier,standard,dumbbell,shoulders,,,,,Seated Dumbbell Shoulder Press
seated_leg_curl,Seated Leg Curl,multiplier,standard,machine,hamstrings,,,,,Seated Leg Curl
seated_machine_row,Seated Machine Row,multiplier,standard,machine,back,,,,,Seated Machine Row
seated_smith_machine_shoulder_press,Seated Smith Machine Shoulder Press,multiplier,standard,smith_machine,shoulders,,,,,Seated Smith Machine Shoulder Press
side_lunges_bodyweight,Side Lunges (Bodyweight),bodyweight,standard,bodyweight,legs,,,,,Side Lunges (Bodyweight)
side_plank,Side Plank,bodyweight,standard,bodyweight,abs,,,,,Side Plank
single_leg_deadlift_with_kettlebell,Single Leg Deadlift with Kettlebell,multiplier,standard,kettlebell,glutes,,,,,Single Leg Deadlift with Kettlebell
single_leg_romanian_deadlift,Single Leg Romanian Deadlift,multiplier,standard,barbell,glutes,,,,,Single Leg Romanian Deadlift
smith_machine_bench_press,Smith Machine Bench Press,multiplier,standard,smith_machine,chest,triceps,,,,Smith Machine Bench Press
smith_machine_bulgarian_split_squat,Smith Machine Bulgarian Split Squat,multiplier,standard,smith_machine,quads,,,,,Smith Machine Bulgarian Split Squat
smith_machine_front_squat,Smith Machine Front Squat,multiplier,standard,smith_machine,legs,back,,,,Smith Machine Front Squat
smith_machine_hip_thrust,Smith Machine Hip Thrust,multiplier,standard,smith_machine,glutes,,,,,Smith Machine Hip Thrust
smith_machine_incline_bench_press,Smith Machine Incline Bench Press,multiplier,standard,smith_machine,chest,triceps,,,,Smith Machine Incline Bench Press
smith_machine_one_handed_row,Smith Machine One-Handed Row,multiplier,standard,smith_machine,back,,,,,Smith Machine One-Handed Row
smith_machine_reverse_grip_bench_press,Smith Machine Reverse Grip Bench Press,multiplier,standard,smith_machine,chest,,,,,Smith Machine Reverse Grip Bench Press
smith_machine_squat,Smith Machine Squat,multiplier,standard,smith_machine,legs,back,,,,Smith Machine Squat
snatch,Snatch,multiplier,standard,barbell,back,,,,,Snatch
snatch_grip_behind_the_neck_press,Snatch Grip Behind the Neck Press,multiplier,standard,barbell,shoulders,,,,,Snatch Grip Behind the Neck Press
snatch_grip_deadlift,Snatch Grip Deadlift,multiplier,standard,barbell,glutes,back,,,,Snatch Grip Deadlift
spider_curl,Spider Curl,multiplier,standard,machine,biceps,,,,,Spider Curl
split_jerk,Split Jerk,multiplier,standard,machine,legs,shoulders,,,,Split Jerk
squats,Squats,multiplier,standard,barbell,legs,back,,,,Squat
squat_jerk,Squat Jerk,multiplier,standard,barbell,quads,shoulders,,,,Squat Jerk
stiff_legged_deadlift,Stiff-Legged Deadlift,multiplier,standard,barbell,glutes,,,,,Stiff-Legged Deadlift
straight_arm_lat_pulldown,Straight Arm Lat Pulldown,multiplier,standard,cable machine,back,,,,,Straight Arm Lat Pulldown
standing_cable_leg_extension,Standing Cable Leg Extension,multiplier,standard,cable machine,quads,,,,,Standing Cable Leg Extension
standing_calf_raise,Standing Calf Raise,multiplier,standard,machine,calves,,,,,Standing Calf Raise
standing_glute_kickback_in_machine,Standing Glute Kickback in Machine,multiplier,standard,machine,glutes,,,,,Standing Glute Kickback in Machine
standing_glute_push_down,Standing Glute Push Down,multiplier,standard,machine,glutes,,,,,Standing Glute Push Down
standing_hip_abduction_against_band,Standing Hip Abduction Against Band,multiplier,standard,band,abductors,,,,,Standing Hip Abduction Against Band
standing_hip_flexor_raise,Standing Hip Flexor Raise,multiplier,standard,machine,quads,,,,,Standing Hip Flexor Raise
step_up,Step Up,multiplier,standard,machine,quads,,,,,Step Up
sumo_deadlift,Sumo Deadlift,multiplier,standard,barbell,hamstrings,back,,,,Sumo Deadlift
sumo_squat,Sumo Squat,multiplier,standard,barbell,legs,back,,,,Sumo Squat
superman_raise,Superman Raise,multiplier,standard,machine,back,,,,,Superman Raise
t_bar_row,T-Bar Row,multiplier,standard,barbell,back,,,,,T-Bar Row
tate_press,Tate Press,multiplier,standard,barbell,triceps,,,,,Tate Press
tibialis_raise,Tibialis Raise,multiplier,standard,machine,calves,,,,,Tibialis Raise
toes_to_bar,Toes-To-Bar,multiplier,standard,pull-up bar,abs,,,,,Toes-To-Bar
towel_pull_up,Towel Pull-Up,bodyweight,standard,pull-up bar,back,,,,,Towel Pull-Up
towel_row,Towel Row,multiplier,standard,barbell,back,,,,,Towel Row
trap_bar_deadlift_with_high_handles,Trap Bar Deadlift With High Handles,multiplier,standard,trap_bar,glutes,,,,,Trap Bar Deadlift With High Handles
trap_bar_deadlift_with_low_handles,Trap Bar Deadlift With Low Handles,multiplier,standard,trap_bar,glutes,,,,,Trap Bar Deadlift With Low Handles
tricep_bodyweight_extension,Tricep Bodyweight Extension,bodyweight,standard,bodyweight,triceps,,,,,Tricep Bodyweight Extension
tricep_pushdown_with_bar,Tricep Pushdown With Bar,multiplier,standard,machine,triceps,,,,,Tricep Pushdown With Bar
tricep_pushdown_with_rope,Tricep Pushdown With Rope,multiplier,standard,machine,triceps,,,,,Tricep Pushdown With Rope
wall_walk,Wall Walk,bodyweight,standard,bodyweight,shoulders,,,,,Wall Walk
weighted_plank,Weighted Plank,bodyweight,standard,bodyweight,abs,,,,,Weighted Plank
wrist_roller,Wrist Roller,multiplier,standard,machine,forearms,,,,,Wrist Roller
zercher_squat,Zercher Squat,multiplier,standard,barbell,legs,back,,,,Zercher Squat
zombie_squat,Zombie Squat,multiplier,standard,barbell,quads,,,,,Zombie Squat
abs_ball_crunches,Abs Ball Crunches,multiplier,standard,machine,abs,,,,,Abs Ball Crunches
back_extension_hamstrings_focused,Back Extension (Hamstrings Focused),multiplier,standard,machine,back,,,,,Back Extension (Hamstrings Focused)
cable_lateral_raise_split_stance,Cable Lateral Raise (Split Stance),multiplier,standard,cable machine,shoulders,,,,,Cable Lateral Raise (Split Stance)
calf_raises_landmine,Calf Raises Landmine,multiplier,standard,landmine,calves,,,,,Calf Raises Landmine
calf_raises_smith,Calf Raises Smith,multiplier,standard,smith_machine,calves,,,,,Calf Raises Smith
delt_forward_raises,Delt Forward Raises,multiplier,standard,machine,shoulders,,,,,Delt Forward Raises
delt_front_raise_cable,Delt Front Raise Cable,multiplier,standard,cable machine,shoulders,,,,,Delt Front Raise Cable
delt_lateral_raises,Delt Lateral Raises,multiplier,standard,machine,shoulders,,,,,Delt Lateral Raises
delt_rear_cross_cable_fly,Delt Rear Cross Cable Fly,multiplier,standard,cable machine,shoulders,,,,,Delt Rear Cross Cable Fly
dumbbell_kickback,Dumbbell Kickback,multiplier,standard,dumbbell,triceps,,,,,Dumbbell Kickback
good_mornings_smith,Good Mornings Smith,multiplier,standard,smith_machine,back,hamstrings,,,,Good Mornings Smith
hip_abduction_unspecified,Hip Abduction (Unspecified),multiplier,standard,machine,abductors,,,,,Hip Abduction (Unspecified)
hip_adduction_unspecified,Hip Adduction (Unspecified),multiplier,standard,machine,adductors,,,,,Hip Adduction (Unspecified)
lat_pulldown_unspecified_grip,Lat Pulldown (Unspecified Grip),multiplier,standard,cable machine,lats,back,,,,Lat Pulldown (Unspecified Grip)
leg_press_single_leg,Leg Press Single Leg,multiplier,standard,barbell,quads,,,,,Leg Press Single Leg
lunges_forward,Lunges Forward,multiplier,standard,machine,quads,,,,,Lunges Forward
lunges_reverse,Lunges Reverse,multiplier,standard,machine,quads,,,,,Lunges Reverse
pec_fly_dumbbell,Pec Flys DB,multiplier,standard,dumbbell,chest,,,,,Pec Flys DB
press_dumbbell_overhead_alternating,Press DB Overhead Alternating,multiplier,standard,dumbbell,shoulders,triceps,,,,Press DB Overhead Alternating
press_high_low_cable_fly,Press High Low Cable Fly,multiplier,standard,cable machine,chest,,,,,Press High Low Cable Fly
press_incline,Press Incline,multiplier,standard,barbell,chest,triceps,,,,Press Incline
press_incline_dumbbell,Press Incline DB,multiplier,standard,dumbbell,chest,triceps,,,,Press Incline DB
press_low_high_cable_fly,Press Low High Cable Fly,multiplier,standard,cable machine,chest,,,,,Press Low High Cable Fly
press_overhead,Press Overhead,multiplier,standard,barbell,shoulders,,,,,Press Overhead
press_push_ups,Press Push Ups,multiplier,standard,barbell,chest,triceps,,,,Press Push Ups
row_dumbbell_incline,Row DB Incline,multiplier,standard,dumbbell,back,,,,,Row DB Incline
row_inverted,Row Inverted,multiplier,standard,barbell,back,,,,,Row Inverted
row_reverse_grip_barbell,Row Reverse Grip Barbell,multiplier,standard,barbell,back,,,,,Row Reverse Grip Barbell
row_seated_cable,Row Seated Cable,multiplier,standard,cable machine,back,,,,,Row Seated Cable
row_seated_cable_single_arm,Row Seated Cable Single Arm,multiplier,standard,cable machine,back,,,,,Row Seated Cable Single Arm
row_seated_cable_wide_grip,Row Seated Cable Wide Grip,multiplier,standard,cable machine,back,shoulders,,,,Row Seated Cable Wide Grip
row_single_arm_dumbbell,Row Single Arm DB,multiplier,standard,dumbbell,back,shoulders,,,,Row Single Arm DB
row_upright_wide_grip,Row Upright Wide Grip,multiplier,standard,barbell,traps,shoulders,,,,Row Upright Wide Grip
shrugs_barbell,Shrugs Barbell,multiplier,standard,barbell,traps,shoulders,,,,Shrugs Barbell
shrugs_dumbbell,Shrugs DB,multiplier,standard,dumbbell,traps,shoulders,,,,Shrugs DB
shrugs_barbell_2,Shrugs BB,multiplier,standard,barbell,traps,shoulders,,,,Shrugs BB
tricep_ext_french_press,Tricep Ext French Press,multiplier,standard,barbell,triceps,,,,,Tricep Ext French Press
tricep_ext_overhead_cable,Tricep Ext OH Cable,multiplier,standard,cable machine,triceps,,,,,Tricep Ext OH Cable
tricep_ext_overhead_dumbbell,Tricep Ext OH DB,multiplier,standard,dumbbell,triceps,,,,,Tricep Ext OH DB
tricep_ext_reverse_grip,Tricep Ext Reverse Grip,multiplier,standard,machine,triceps,,,,,Tricep Ext Reverse Grip
tricep_kickbacks_dumbbell,Tricep Kickbacks DB,multiplier,standard,dumbbell,triceps,,,,,Tricep Kickbacks DB
tricep_push_downs_rope,Tricep Push Downs Rope,multiplier,standard,machine,triceps,,,,,Tricep Push Downs Rope
tricep_push_downs_straight_bar,Tricep Push Downs Straight Bar,multiplier,standard,machine,triceps,,,,,Tricep Push Downs Straight Bar
tricep_skull_crushers,Tricep Skull Crushers,multiplier,standard,machine,triceps,,,,,Tricep Skull Crushers